conversation_id,title,create_time_utc,update_time_utc,create_time_epoch,update_time_epoch,tags,status
,RSMods not working right. Some mods like alt-tab are okay but ...,2025-07-04T23:17:50.907000+00:00,,1751671070.907,,['tab'],active
,Guitar product website plan,2025-11-14T05:59:07.657912+00:00,2025-11-15T11:21:49.775434+00:00,1763099947.657912,1763205709.775434,[],active
,Guitar education game design,2025-12-19T00:06:29.125704+00:00,2025-12-20T17:49:50.774112+00:00,1766102789.125704,1766252990.774112,[],active
,Guitar Learning Game Requirements,2025-12-24T19:28:15.844208+00:00,2025-12-24T20:32:40.025292+00:00,1766604495.844208,1766608360.025292,[],active
,"Guitar Learning Game Design - Layout HTML, CSS, JAVA",2025-12-24T20:04:43.345861+00:00,2025-12-25T19:41:06.175927+00:00,1766606683.345861,1766691666.175927,[],active
,AI SUMMARY - Guitar Game,2025-12-24T22:26:30.092500+00:00,2025-12-25T01:12:04.599355+00:00,1766615190.0925,1766625124.599355,[],active
,Menu Tab Names,2025-12-25T01:23:53.727311+00:00,2025-12-25T23:23:53.254439+00:00,1766625833.727311,1766705033.254439,"['menus', 'tab']",active
,Guitar Learning Game Summary,2025-12-26T23:33:54.768785+00:00,2025-12-27T01:03:09.154502+00:00,1766792034.768785,1766797389.154502,[],active
,Rendered Staff+Tab Implementation,2025-12-27T22:07:10.738927+00:00,2026-01-01T01:41:19.841183+00:00,1766873230.738927,1767231679.841183,"['staff', 'tab']",active
,Guitar-Edu-UI Audit,2026-01-11T21:58:25.054900+00:00,2026-01-12T09:31:22.134421+00:00,1768168705.0549,1768210282.134421,['audit'],active
,Guitar Learning Game Menu,2026-01-13T04:24:44.213527+00:00,2026-01-13T07:49:05.165055+00:00,1768278284.213527,1768290545.165055,['menus'],active
,Guitar Education Game Audit,2026-01-15T04:37:14.004910+00:00,2026-01-15T08:15:10.240343+00:00,1768451834.00491,1768464910.240343,['audit'],active
,Guitar Edu Game Setup,2026-01-16T10:10:21.760348+00:00,2026-01-17T02:22:17.390441+00:00,1768558221.760348,1768616537.390441,[],active
,GEG-016 Execution Phase,2026-01-17T10:35:53.279860+00:00,2026-01-18T08:56:32.935468+00:00,1768646153.27986,1768726592.935468,['phases'],active
,Next Step Stabilization,2026-01-18T08:56:43.533859+00:00,2026-01-19T03:16:50.280396+00:00,1768726603.533859,1768792610.280396,['tab'],active
,Guitar Game Conversation JSON,2026-01-18T09:23:36.344625+00:00,2026-01-18T09:28:06.741541+00:00,1768728216.344625,1768728486.741541,[],active
,Chord Entry Ergonomics v2,2026-01-19T03:17:04.026239+00:00,2026-01-19T22:42:41.495942+00:00,1768792624.026239,1768862561.495942,['chords'],active
,GEG-016 Execution Phase,2026-01-20T20:26:34.659733+00:00,,1768940794.659733,,['phases'],active
,Next Step Stabilization,2026-01-20T20:26:34.659733+00:00,,1768940794.659733,,['tab'],active
,GEG-016 Execution Phase,2026-01-20T20:27:02.935980+00:00,,1768940822.93598,,['phases'],active
,Next Step Stabilization,2026-01-20T20:27:02.935980+00:00,,1768940822.93598,,['tab'],active
,GEG-016 Execution Phase,2026-01-20T20:27:18.947321+00:00,,1768940838.947321,,['phases'],active
,Next Step Stabilization,2026-01-20T20:27:18.947321+00:00,,1768940838.947321,,['tab'],active
,GEG-016 Execution Phase,2026-01-20T20:27:38.761222+00:00,,1768940858.761222,,['phases'],active
,Next Step Stabilization,2026-01-20T20:27:38.761222+00:00,,1768940858.761222,,['tab'],active
,GEG-016 Execution Phase,2026-01-20T20:27:47.800095+00:00,,1768940867.800095,,['phases'],active
,Next Step Stabilization,2026-01-20T20:27:47.800095+00:00,,1768940867.800095,,['tab'],active
,GEG-016 Execution Phase,2026-01-20T20:27:55.880184+00:00,,1768940875.880184,,['phases'],active
,Next Step Stabilization,2026-01-20T20:27:55.880184+00:00,,1768940875.880184,,['tab'],active
,GEG-016 Execution Phase,2026-01-20T20:28:01.190267+00:00,,1768940881.190267,,['phases'],active
,Next Step Stabilization,2026-01-20T20:28:01.190267+00:00,,1768940881.190267,,['tab'],active
,GEG-016 Execution Phase,2026-01-20T20:28:10.642558+00:00,,1768940890.642558,,['phases'],active
,Next Step Stabilization,2026-01-20T20:28:10.642558+00:00,,1768940890.642558,,['tab'],active
,GEG-016 Execution Phase,2026-01-20T20:28:19.205490+00:00,,1768940899.20549,,['phases'],active
,Next Step Stabilization,2026-01-20T20:28:19.205490+00:00,,1768940899.20549,,['tab'],active
,GEG-016 Execution Phase,2026-01-20T20:28:26.674820+00:00,,1768940906.67482,,['phases'],active
,Next Step Stabilization,2026-01-20T20:28:26.674820+00:00,,1768940906.67482,,['tab'],active
,GEG-016 Execution Phase,2026-01-20T20:28:33.279551+00:00,,1768940913.279551,,['phases'],active
,Next Step Stabilization,2026-01-20T20:28:33.279551+00:00,,1768940913.279551,,['tab'],active
,GEG-016 Execution Phase,2026-01-20T20:29:15.648666+00:00,,1768940955.648666,,['phases'],active
,Next Step Stabilization,2026-01-20T20:29:15.648666+00:00,,1768940955.648666,,['tab'],active
,GEG-016 Execution Phase,2026-01-20T20:29:22.726393+00:00,,1768940962.726393,,['phases'],active
,Next Step Stabilization,2026-01-20T20:29:22.726393+00:00,2026-01-20T20:29:38.985822+00:00,1768940962.726393,1768940978.9858217,['tab'],active
,GEG-016 Execution Phase,2026-01-20T20:29:45.275117+00:00,,1768940985.275117,,['phases'],active
,Next Step Stabilization,2026-01-20T20:29:45.275117+00:00,2026-01-20T20:30:08.727069+00:00,1768940985.275117,1768941008.7270694,['tab'],active
,GEG-016 Execution Phase,2026-01-20T20:30:09.059776+00:00,,1768941009.059776,,['phases'],active
,Next Step Stabilization,2026-01-20T20:30:09.059776+00:00,2026-01-20T20:30:54.133193+00:00,1768941009.059776,1768941054.1331933,['tab'],active
,GEG-016 Execution Phase,2026-01-20T20:30:54.536490+00:00,,1768941054.53649,,['phases'],active
,Next Step Stabilization,2026-01-20T20:30:54.536490+00:00,2026-01-20T20:31:06.178362+00:00,1768941054.53649,1768941066.1783624,['tab'],active
,GEG-016 Execution Phase,2026-01-20T20:31:12.308655+00:00,,1768941072.308655,,['phases'],active
,Next Step Stabilization,2026-01-20T20:31:12.308655+00:00,2026-01-20T20:31:23.281801+00:00,1768941072.308655,1768941083.2818012,['tab'],active
,GEG-016 Execution Phase,2026-01-20T20:31:23.691544+00:00,,1768941083.691544,,['phases'],active
,Next Step Stabilization,2026-01-20T20:31:23.691544+00:00,,1768941083.691544,,['tab'],active
,GEG-016 Execution Phase,2026-01-20T20:32:35.672457+00:00,,1768941155.672457,,['phases'],active
,Next Step Stabilization,2026-01-20T20:32:35.672457+00:00,,1768941155.672457,,['tab'],active
,GEG-016 Execution Phase,2026-01-20T20:33:19.552973+00:00,,1768941199.552973,,['phases'],active
,Next Step Stabilization,2026-01-20T20:33:19.552973+00:00,,1768941199.552973,,['tab'],active
,GEG-016 Execution Phase,2026-01-20T20:33:37.056397+00:00,,1768941217.056397,,['phases'],active
,Next Step Stabilization,2026-01-20T20:33:37.056397+00:00,,1768941217.056397,,['tab'],active
,GEG-016 Execution Phase,2026-01-20T20:33:45.833391+00:00,,1768941225.833391,,['phases'],active
,Next Step Stabilization,2026-01-20T20:33:45.833391+00:00,,1768941225.833391,,['tab'],active
,GEG-016 Execution Phase,2026-01-20T20:33:52.977076+00:00,,1768941232.977076,,['phases'],active
,Next Step Stabilization,2026-01-20T20:33:52.977076+00:00,,1768941232.977076,,['tab'],active
,GEG-016 Execution Phase,2026-01-20T20:34:05.011610+00:00,,1768941245.01161,,['phases'],active
,Next Step Stabilization,2026-01-20T20:34:05.011610+00:00,,1768941245.01161,,['tab'],active
,GEG-016 Execution Phase,2026-01-20T20:34:11.435217+00:00,,1768941251.435217,,['phases'],active
,Next Step Stabilization,2026-01-20T20:34:11.435217+00:00,,1768941251.435217,,['tab'],active
,GEG-016 Execution Phase,2026-01-20T20:34:23.078968+00:00,,1768941263.078968,,['phases'],active
,Next Step Stabilization,2026-01-20T20:34:23.078968+00:00,,1768941263.078968,,['tab'],active
,GEG-016 Execution Phase,2026-01-20T20:34:28.714842+00:00,,1768941268.714842,,['phases'],active
,Next Step Stabilization,2026-01-20T20:34:28.714842+00:00,,1768941268.714842,,['tab'],active
,GEG-016 Execution Phase,2026-01-20T20:34:45.789747+00:00,,1768941285.789747,,['phases'],active
,Next Step Stabilization,2026-01-20T20:34:45.789747+00:00,,1768941285.789747,,['tab'],active
,GEG-016 Execution Phase,2026-01-20T20:34:57.150688+00:00,,1768941297.150688,,['phases'],active
,Next Step Stabilization,2026-01-20T20:34:57.150688+00:00,2026-01-20T20:35:04.262338+00:00,1768941297.150688,1768941304.2623382,['tab'],active
,GEG-016 Execution Phase,2026-01-20T20:35:04.618526+00:00,,1768941304.618526,,['phases'],active
,Next Step Stabilization,2026-01-20T20:35:04.618526+00:00,2026-01-20T20:35:08.538490+00:00,1768941304.618526,1768941308.5384896,['tab'],active
,GEG-016 Execution Phase,2026-01-20T20:35:08.894642+00:00,,1768941308.894642,,['phases'],active
,Next Step Stabilization,2026-01-20T20:35:08.894642+00:00,2026-01-20T20:35:14.177355+00:00,1768941308.894642,1768941314.1773553,['tab'],active
,GEG-016 Execution Phase,2026-01-20T20:35:14.630141+00:00,,1768941314.630141,,['phases'],active
,Next Step Stabilization,2026-01-20T20:35:14.630141+00:00,2026-01-20T20:35:19.708334+00:00,1768941314.630141,1768941319.708334,['tab'],active
,GEG-016 Execution Phase,2026-01-20T20:35:20.083291+00:00,,1768941320.083291,,['phases'],active
,Next Step Stabilization,2026-01-20T20:35:20.083291+00:00,2026-01-20T20:35:35.572187+00:00,1768941320.083291,1768941335.5721872,['tab'],active
,GEG-016 Execution Phase,2026-01-20T20:35:40.223811+00:00,,1768941340.223811,,['phases'],active
,Next Step Stabilization,2026-01-20T20:35:40.223811+00:00,,1768941340.223811,,['tab'],active
,GEG-016 Execution Phase,2026-01-20T20:35:50.268495+00:00,,1768941350.268495,,['phases'],active
,Next Step Stabilization,2026-01-20T20:35:50.268495+00:00,,1768941350.268495,,['tab'],active
,GEG-016 Execution Phase,2026-01-20T20:35:55.009948+00:00,,1768941355.009948,,['phases'],active
,Next Step Stabilization,2026-01-20T20:35:55.009948+00:00,,1768941355.009948,,['tab'],active
,GEG-016 Execution Phase,2026-01-20T20:36:31.992911+00:00,,1768941391.992911,,['phases'],active
,Next Step Stabilization,2026-01-20T20:36:31.992911+00:00,,1768941391.992911,,['tab'],active
,GEG-016 Execution Phase,2026-01-20T20:36:37.391419+00:00,,1768941397.391419,,['phases'],active
,Next Step Stabilization,2026-01-20T20:36:37.391419+00:00,,1768941397.391419,,['tab'],active
,GEG-016 Execution Phase,2026-01-20T20:37:00.357564+00:00,,1768941420.357564,,['phases'],active
,Next Step Stabilization,2026-01-20T20:37:00.357564+00:00,2026-01-20T20:37:16.815050+00:00,1768941420.357564,1768941436.8150501,['tab'],active
,GEG-016 Execution Phase,2026-01-20T20:37:17.158243+00:00,,1768941437.158243,,['phases'],active
,Next Step Stabilization,2026-01-20T20:37:17.158243+00:00,,1768941437.158243,,['tab'],active
,GEG-016 Execution Phase,2026-01-20T20:38:39.975359+00:00,,1768941519.975359,,['phases'],active
,Next Step Stabilization,2026-01-20T20:38:39.975359+00:00,2026-01-20T20:38:47.969493+00:00,1768941519.975359,1768941527.969493,['tab'],active
,GEG-016 Execution Phase,2026-01-20T20:38:48.316386+00:00,,1768941528.316386,,['phases'],active
,Next Step Stabilization,2026-01-20T20:38:48.316386+00:00,2026-01-20T20:38:54.071413+00:00,1768941528.316386,1768941534.0714128,['tab'],active
,GEG-016 Execution Phase,2026-01-20T20:38:54.462406+00:00,,1768941534.462406,,['phases'],active
,Next Step Stabilization,2026-01-20T20:38:54.462406+00:00,2026-01-20T20:39:02.858338+00:00,1768941534.462406,1768941542.8583384,['tab'],active
,GEG-016 Execution Phase,2026-01-20T20:39:03.334565+00:00,,1768941543.334565,,['phases'],active
,Next Step Stabilization,2026-01-20T20:39:03.334565+00:00,2026-01-20T20:39:12.614796+00:00,1768941543.334565,1768941552.6147957,['tab'],active
,GEG-016 Execution Phase,2026-01-20T20:39:12.952157+00:00,,1768941552.952157,,['phases'],active
,Next Step Stabilization,2026-01-20T20:39:12.952157+00:00,2026-01-20T20:39:22.604541+00:00,1768941552.952157,1768941562.6045413,['tab'],active
,GEG-016 Execution Phase,2026-01-20T20:39:22.950190+00:00,,1768941562.95019,,['phases'],active
,Next Step Stabilization,2026-01-20T20:39:22.950190+00:00,2026-01-20T20:39:30.678427+00:00,1768941562.95019,1768941570.678427,['tab'],active
,GEG-016 Execution Phase,2026-01-20T20:39:31.115788+00:00,,1768941571.115788,,['phases'],active
,Next Step Stabilization,2026-01-20T20:39:31.115788+00:00,2026-01-20T20:39:37.217434+00:00,1768941571.115788,1768941577.2174337,['tab'],active
,GEG-016 Execution Phase,2026-01-20T20:39:37.574438+00:00,,1768941577.574438,,['phases'],active
,Next Step Stabilization,2026-01-20T20:39:37.574438+00:00,2026-01-20T20:39:57.753019+00:00,1768941577.574438,1768941597.7530193,['tab'],active
,GEG-016 Execution Phase,2026-01-20T20:39:58.252944+00:00,,1768941598.252944,,['phases'],active
,Next Step Stabilization,2026-01-20T20:39:58.252944+00:00,,1768941598.252944,,['tab'],active
,GEG-016 Execution Phase,2026-01-20T20:40:09.987263+00:00,,1768941609.987263,,['phases'],active
,Next Step Stabilization,2026-01-20T20:40:09.987263+00:00,,1768941609.987263,,['tab'],active
,GEG-016 Execution Phase,2026-01-20T20:40:17.466110+00:00,,1768941617.46611,,['phases'],active
,Next Step Stabilization,2026-01-20T20:40:17.466110+00:00,2026-01-20T20:40:25.602379+00:00,1768941617.46611,1768941625.6023793,['tab'],active
,GEG-016 Execution Phase,2026-01-20T20:40:25.967810+00:00,,1768941625.96781,,['phases'],active
,Next Step Stabilization,2026-01-20T20:40:25.967810+00:00,2026-01-20T20:40:33.638072+00:00,1768941625.96781,1768941633.6380718,['tab'],active
,GEG-016 Execution Phase,2026-01-20T20:40:34.116064+00:00,,1768941634.116064,,['phases'],active
,Next Step Stabilization,2026-01-20T20:40:34.116064+00:00,2026-01-20T20:40:44.274476+00:00,1768941634.116064,1768941644.2744763,['tab'],active
,GEG-016 Execution Phase,2026-01-20T20:40:44.718811+00:00,,1768941644.718811,,['phases'],active
,Next Step Stabilization,2026-01-20T20:40:44.718811+00:00,2026-01-20T20:40:57.841193+00:00,1768941644.718811,1768941657.8411927,['tab'],active
,GEG-016 Execution Phase,2026-01-20T20:40:58.290988+00:00,,1768941658.290988,,['phases'],active
,Next Step Stabilization,2026-01-20T20:40:58.290988+00:00,2026-01-20T20:41:05.197282+00:00,1768941658.290988,1768941665.1972818,['tab'],active
,GEG-016 Execution Phase,2026-01-20T20:41:05.610531+00:00,,1768941665.610531,,['phases'],active
,Next Step Stabilization,2026-01-20T20:41:05.610531+00:00,2026-01-20T20:41:12.943522+00:00,1768941665.610531,1768941672.9435222,['tab'],active
,GEG-016 Execution Phase,2026-01-20T20:41:13.327013+00:00,,1768941673.327013,,['phases'],active
,Next Step Stabilization,2026-01-20T20:41:13.327013+00:00,2026-01-20T20:41:20.027490+00:00,1768941673.327013,1768941680.0274901,['tab'],active
,GEG-016 Execution Phase,2026-01-20T20:41:20.454237+00:00,,1768941680.454237,,['phases'],active
,Next Step Stabilization,2026-01-20T20:41:20.454237+00:00,2026-01-20T20:41:25.710871+00:00,1768941680.454237,1768941685.710871,['tab'],active
,GEG-016 Execution Phase,2026-01-20T20:41:31.840785+00:00,,1768941691.840785,,['phases'],active
,Next Step Stabilization,2026-01-20T20:41:31.840785+00:00,,1768941691.840785,,['tab'],active
,GEG-016 Execution Phase,2026-01-20T20:42:09.615287+00:00,,1768941729.615287,,['phases'],active
,Next Step Stabilization,2026-01-20T20:42:09.615287+00:00,,1768941729.615287,,['tab'],active
,GEG-016 Execution Phase,2026-01-20T20:42:24.497280+00:00,,1768941744.49728,,['phases'],active
,Next Step Stabilization,2026-01-20T20:42:24.497280+00:00,,1768941744.49728,,['tab'],active
,GEG-016 Execution Phase,2026-01-20T20:42:32.754560+00:00,,1768941752.75456,,['phases'],active
,Next Step Stabilization,2026-01-20T20:42:32.754560+00:00,,1768941752.75456,,['tab'],active
,GEG-016 Execution Phase,2026-01-20T20:42:42.717521+00:00,,1768941762.717521,,['phases'],active
,Next Step Stabilization,2026-01-20T20:42:42.717521+00:00,,1768941762.717521,,['tab'],active
,GEG-016 Execution Phase,2026-01-20T20:43:01.938538+00:00,,1768941781.938538,,['phases'],active
,Next Step Stabilization,2026-01-20T20:43:01.938538+00:00,,1768941781.938538,,['tab'],active
,GEG-016 Execution Phase,2026-01-20T20:43:14.690947+00:00,,1768941794.690947,,['phases'],active
,Next Step Stabilization,2026-01-20T20:43:14.690947+00:00,,1768941794.690947,,['tab'],active
,GEG-016 Execution Phase,2026-01-20T20:44:18.450532+00:00,,1768941858.450532,,['phases'],active
,Next Step Stabilization,2026-01-20T20:44:18.450532+00:00,,1768941858.450532,,['tab'],active
,GEG-016 Execution Phase,2026-01-20T20:44:26.476126+00:00,,1768941866.476126,,['phases'],active
,Next Step Stabilization,2026-01-20T20:44:26.476126+00:00,,1768941866.476126,,['tab'],active
,GEG-016 Execution Phase,2026-01-20T20:44:46.703062+00:00,,1768941886.703062,,['phases'],active
,Next Step Stabilization,2026-01-20T20:44:46.703062+00:00,,1768941886.703062,,['tab'],active
,GEG-016 Execution Phase,2026-01-20T20:44:53.926622+00:00,,1768941893.926622,,['phases'],active
,Next Step Stabilization,2026-01-20T20:44:53.926622+00:00,,1768941893.926622,,['tab'],active
,GEG-016 Execution Phase,2026-01-20T20:45:07.885983+00:00,,1768941907.885983,,['phases'],active
,Next Step Stabilization,2026-01-20T20:45:07.885983+00:00,,1768941907.885983,,['tab'],active
,GEG-016 Execution Phase,2026-01-20T20:45:14.583297+00:00,,1768941914.583297,,['phases'],active
,Next Step Stabilization,2026-01-20T20:45:14.583297+00:00,,1768941914.583297,,['tab'],active
,GEG-016 Execution Phase,2026-01-20T20:45:22.829941+00:00,,1768941922.829941,,['phases'],active
,Next Step Stabilization,2026-01-20T20:45:22.829941+00:00,,1768941922.829941,,['tab'],active
,GEG-016 Execution Phase,2026-01-20T20:45:34.997299+00:00,,1768941934.997299,,['phases'],active
,Next Step Stabilization,2026-01-20T20:45:34.997299+00:00,,1768941934.997299,,['tab'],active
,GEG-016 Execution Phase,2026-01-20T20:45:43.025135+00:00,,1768941943.025135,,['phases'],active
,Next Step Stabilization,2026-01-20T20:45:43.025135+00:00,,1768941943.025135,,['tab'],active
,GEG-016 Execution Phase,2026-01-20T20:45:51.689479+00:00,,1768941951.689479,,['phases'],active
,Next Step Stabilization,2026-01-20T20:45:51.689479+00:00,,1768941951.689479,,['tab'],active
,GEG-016 Execution Phase,2026-01-20T20:46:00.709679+00:00,,1768941960.709679,,['phases'],active
,Next Step Stabilization,2026-01-20T20:46:00.709679+00:00,,1768941960.709679,,['tab'],active
,GEG-016 Execution Phase,2026-01-20T20:46:11.712904+00:00,,1768941971.712904,,['phases'],active
,Next Step Stabilization,2026-01-20T20:46:11.712904+00:00,,1768941971.712904,,['tab'],active
,GEG-016 Execution Phase,2026-01-20T20:47:15.496477+00:00,,1768942035.496477,,['phases'],active
,Next Step Stabilization,2026-01-20T20:47:15.496477+00:00,,1768942035.496477,,['tab'],active
,GEG-016 Execution Phase,2026-01-20T20:47:23.462671+00:00,,1768942043.462671,,['phases'],active
,Next Step Stabilization,2026-01-20T20:47:23.462671+00:00,,1768942043.462671,,['tab'],active
,GEG-016 Execution Phase,2026-01-20T20:47:32.387309+00:00,,1768942052.387309,,['phases'],active
,Next Step Stabilization,2026-01-20T20:47:32.387309+00:00,,1768942052.387309,,['tab'],active
,GEG-016 Execution Phase,2026-01-20T20:47:58.800294+00:00,,1768942078.800294,,['phases'],active
,Next Step Stabilization,2026-01-20T20:47:58.800294+00:00,,1768942078.800294,,['tab'],active
,GEG-016 Execution Phase,2026-01-20T20:48:20.393399+00:00,,1768942100.393399,,['phases'],active
,Next Step Stabilization,2026-01-20T20:48:20.393399+00:00,,1768942100.393399,,['tab'],active
,GEG-016 Execution Phase,2026-01-20T20:48:39.600551+00:00,,1768942119.600551,,['phases'],active
,Next Step Stabilization,2026-01-20T20:48:39.600551+00:00,,1768942119.600551,,['tab'],active
,GEG-016 Execution Phase,2026-01-20T21:02:34.887117+00:00,,1768942954.8871174,,['phases'],active
,Next Step Stabilization,2026-01-20T21:02:34.887117+00:00,,1768942954.8871174,,['tab'],active
,Sharps Flats and Note Rail,2026-01-22T00:57:43.752345+00:00,2026-01-23T08:49:20.271858+00:00,1769043463.752345,1769158160.271858,['note_rail'],active
,Guitar-Edu-UI Audit,2026-01-22T01:11:27.303370+00:00,,1769044287.30337,,['audit'],active
,Guitar-Edu-UI Audit,2026-01-22T01:11:31.486570+00:00,,1769044291.48657,,['audit'],active
,Guitar-Edu-UI Audit,2026-01-22T01:11:34.636621+00:00,,1769044294.636621,,['audit'],active
,Guitar-Edu-UI Audit,2026-01-22T01:11:39.996066+00:00,,1769044299.996066,,['audit'],active
,Guitar-Edu-UI Audit,2026-01-22T01:11:47.667605+00:00,,1769044307.6676052,,['audit'],active
,Guitar-Edu-UI Audit,2026-01-22T01:11:58.681730+00:00,,1769044318.6817303,,['audit'],active
,Guitar-Edu-UI Audit,2026-01-22T01:12:11.653639+00:00,,1769044331.6536393,,['audit'],active
,Guitar-Edu-UI Audit,2026-01-22T01:12:22.506376+00:00,,1769044342.506376,,['audit'],active
,Guitar-Edu-UI Audit,2026-01-22T01:12:28.035157+00:00,,1769044348.035157,,['audit'],active
,Guitar-Edu-UI Audit,2026-01-22T01:12:31.377971+00:00,,1769044351.377971,,['audit'],active
,Guitar-Edu-UI Audit,2026-01-22T01:12:36.668473+00:00,,1769044356.6684728,,['audit'],active
,Guitar-Edu-UI Audit,2026-01-22T01:12:40.952864+00:00,,1769044360.952864,,['audit'],active
,Guitar-Edu-UI Audit,2026-01-22T01:12:44.262921+00:00,2026-01-22T01:34:23.565600+00:00,1769044364.2629209,1769045663.5656002,['audit'],active
,Guitar-Edu-UI Audit,2026-01-22T01:13:02.331112+00:00,,1769044382.331112,,['audit'],active
,Guitar-Edu-UI Audit,2026-01-22T01:13:23.095702+00:00,,1769044403.095702,,['audit'],active
,Guitar-Edu-UI Audit,2026-01-22T01:13:30.958476+00:00,,1769044410.958476,,['audit'],active
,Guitar-Edu-UI Audit,2026-01-22T01:13:41.617143+00:00,,1769044421.617143,,['audit'],active
,Guitar-Edu-UI Audit,2026-01-22T01:14:01.148812+00:00,,1769044441.1488123,,['audit'],active
,Guitar-Edu-UI Audit,2026-01-22T01:14:19.748670+00:00,,1769044459.7486699,,['audit'],active
,Guitar-Edu-UI Audit,2026-01-22T01:14:30.695803+00:00,,1769044470.695803,,['audit'],active
,Guitar-Edu-UI Audit,2026-01-22T01:15:21.114530+00:00,,1769044521.11453,,['audit'],active
,Guitar-Edu-UI Audit,2026-01-22T01:15:44.134244+00:00,,1769044544.134244,,['audit'],active
,Guitar-Edu-UI Audit,2026-01-22T01:15:46.317875+00:00,,1769044546.317875,,['audit'],active
,Guitar-Edu-UI Audit,2026-01-22T01:16:03.095477+00:00,,1769044563.095477,,['audit'],active
,Guitar-Edu-UI Audit,2026-01-22T01:16:20.505125+00:00,,1769044580.5051253,,['audit'],active
,Guitar-Edu-UI Audit,2026-01-22T01:16:49.308339+00:00,,1769044609.308339,,['audit'],active
,Guitar-Edu-UI Audit,2026-01-22T01:16:53.758440+00:00,,1769044613.7584395,,['audit'],active
,Guitar-Edu-UI Audit,2026-01-22T01:16:59.296710+00:00,,1769044619.29671,,['audit'],active
,Guitar-Edu-UI Audit,2026-01-22T01:17:09.993485+00:00,,1769044629.993485,,['audit'],active
,Guitar-Edu-UI Audit,2026-01-22T01:17:18.870482+00:00,,1769044638.870482,,['audit'],active
,Guitar-Edu-UI Audit,2026-01-22T01:17:28.543831+00:00,,1769044648.5438309,,['audit'],active
,Guitar-Edu-UI Audit,2026-01-22T01:18:24.730319+00:00,,1769044704.730319,,['audit'],active
,Guitar-Edu-UI Audit,2026-01-22T01:19:01.597488+00:00,,1769044741.5974884,,['audit'],active
,Guitar-Edu-UI Audit,2026-01-22T01:19:16.747181+00:00,,1769044756.7471814,,['audit'],active
,Guitar-Edu-UI Audit,2026-01-22T01:19:32.173407+00:00,,1769044772.173407,,['audit'],active
,Guitar-Edu-UI Audit,2026-01-22T01:19:42.584150+00:00,,1769044782.58415,,['audit'],active
,Guitar-Edu-UI Audit,2026-01-22T01:19:50.490048+00:00,,1769044790.4900482,,['audit'],active
,Guitar-Edu-UI Audit,2026-01-22T01:19:54.749593+00:00,,1769044794.7495933,,['audit'],active
,Guitar-Edu-UI Audit,2026-01-22T01:19:58.108492+00:00,,1769044798.1084917,,['audit'],active
,Guitar-Edu-UI Audit,2026-01-22T01:20:10.091314+00:00,,1769044810.091314,,['audit'],active
,Guitar-Edu-UI Audit,2026-01-22T01:20:27.810697+00:00,,1769044827.810697,,['audit'],active
,Guitar-Edu-UI Audit,2026-01-22T01:20:32.132361+00:00,,1769044832.132361,,['audit'],active
,Guitar-Edu-UI Audit,2026-01-22T01:20:38.591945+00:00,,1769044838.591945,,['audit'],active
,Guitar-Edu-UI Audit,2026-01-22T01:20:46.355658+00:00,,1769044846.355658,,['audit'],active
,Guitar-Edu-UI Audit,2026-01-22T01:20:59.682193+00:00,,1769044859.682193,,['audit'],active
,Guitar-Edu-UI Audit,2026-01-22T01:21:17.356566+00:00,,1769044877.356566,,['audit'],active
,Guitar-Edu-UI Audit,2026-01-22T01:21:44.506473+00:00,,1769044904.506473,,['audit'],active
,Guitar-Edu-UI Audit,2026-01-22T01:21:56.725679+00:00,,1769044916.725679,,['audit'],active
,Guitar-Edu-UI Audit,2026-01-22T01:22:10.364945+00:00,,1769044930.3649452,,['audit'],active
,Guitar-Edu-UI Audit,2026-01-22T01:22:18.107324+00:00,,1769044938.1073244,,['audit'],active
,Guitar-Edu-UI Audit,2026-01-22T01:22:32.093169+00:00,,1769044952.093169,,['audit'],active
,Guitar-Edu-UI Audit,2026-01-22T01:22:58.916661+00:00,,1769044978.916661,,['audit'],active
,Guitar-Edu-UI Audit,2026-01-22T01:23:13.050446+00:00,,1769044993.050446,,['audit'],active
,Guitar-Edu-UI Audit,2026-01-22T01:23:33.290374+00:00,,1769045013.290374,,['audit'],active
,Guitar-Edu-UI Audit,2026-01-22T01:23:39.045790+00:00,,1769045019.04579,,['audit'],active
,Guitar-Edu-UI Audit,2026-01-22T01:23:48.965075+00:00,,1769045028.965075,,['audit'],active
,Guitar-Edu-UI Audit,2026-01-22T01:24:12.108805+00:00,,1769045052.108805,,['audit'],active
,Guitar-Edu-UI Audit,2026-01-22T01:24:15.389602+00:00,,1769045055.389602,,['audit'],active
,Guitar-Edu-UI Audit,2026-01-22T01:24:20.987157+00:00,2026-01-22T01:48:45.176458+00:00,1769045060.987157,1769046525.1764584,['audit'],active
,Guitar-Edu-UI Audit,2026-01-22T01:24:27.311112+00:00,2026-01-22T01:48:49.564727+00:00,1769045067.311112,1769046529.5647273,['audit'],active
,Guitar-Edu-UI Audit,2026-01-22T01:53:06.022110+00:00,,1769046786.02211,,['audit'],active
,Guitar-Edu-UI Audit,2026-01-22T01:53:24.520320+00:00,,1769046804.52032,,['audit'],active
,Guitar-Edu-UI Audit,2026-01-22T01:54:18.938477+00:00,,1769046858.938477,,['audit'],active
,Guitar-Edu-UI Audit,2026-01-22T01:54:39.433632+00:00,,1769046879.433632,,['audit'],active
,Guitar-Edu-UI Audit,2026-01-22T01:54:46.382374+00:00,,1769046886.382374,,['audit'],active
,Guitar-Edu-UI Audit,2026-01-22T01:54:53.543760+00:00,,1769046893.54376,,['audit'],active
,Guitar-Edu-UI Audit,2026-01-22T01:54:57.345160+00:00,,1769046897.34516,,['audit'],active
,Guitar-Edu-UI Audit,2026-01-22T01:55:01.566720+00:00,,1769046901.56672,,['audit'],active
,Guitar-Edu-UI Audit,2026-01-22T01:55:09.261488+00:00,,1769046909.261488,,['audit'],active
,Guitar-Edu-UI Audit,2026-01-22T01:55:20.434193+00:00,,1769046920.434193,,['audit'],active
,Guitar-Edu-UI Audit,2026-01-22T01:55:25.907215+00:00,,1769046925.907215,,['audit'],active
,Guitar-Edu-UI Audit,2026-01-22T01:55:30.330504+00:00,,1769046930.330504,,['audit'],active
,Guitar-Edu-UI Audit,2026-01-22T01:55:43.528220+00:00,,1769046943.52822,,['audit'],active
,Guitar-Edu-UI Audit,2026-01-22T01:55:51.534577+00:00,,1769046951.534577,,['audit'],active
,Guitar-Edu-UI Audit,2026-01-22T01:55:55.843161+00:00,,1769046955.843161,,['audit'],active
,Guitar-Edu-UI Audit,2026-01-22T01:56:07.162110+00:00,,1769046967.16211,,['audit'],active
,Guitar-Edu-UI Audit,2026-01-22T01:56:14.709899+00:00,,1769046974.709899,,['audit'],active
,Guitar-Edu-UI Audit,2026-01-22T01:56:21.001805+00:00,,1769046981.001805,,['audit'],active
,Guitar-Edu-UI Audit,2026-01-22T01:56:31.870124+00:00,,1769046991.870124,,['audit'],active
,Guitar-Edu-UI Audit,2026-01-22T01:56:39.807410+00:00,,1769046999.80741,,['audit'],active
,Guitar-Edu-UI Audit,2026-01-22T01:56:43.750908+00:00,,1769047003.7509084,,['audit'],active
,Guitar-Edu-UI Audit,2026-01-22T01:56:53.298432+00:00,,1769047013.298432,,['audit'],active
,Guitar-Edu-UI Audit,2026-01-22T01:56:59.992688+00:00,,1769047019.992688,,['audit'],active
,Guitar-Edu-UI Audit,2026-01-22T01:57:09.508534+00:00,,1769047029.508534,,['audit'],active
,Guitar-Edu-UI Audit,2026-01-22T01:57:10.728544+00:00,,1769047030.728544,,['audit'],active
,Guitar-Edu-UI Audit,2026-01-22T01:57:20.178727+00:00,,1769047040.178727,,['audit'],active
,Guitar-Edu-UI Audit,2026-01-22T02:15:11.439704+00:00,,1769048111.4397044,,['audit'],active
,Next Step Stabilization,2026-01-22T02:15:41.906225+00:00,,1769048141.906225,,['tab'],active
,Next Step Stabilization,2026-01-22T02:15:56.338139+00:00,,1769048156.338139,,['tab'],active
,Next Step Stabilization,2026-01-22T02:16:00.123594+00:00,,1769048160.123594,,['tab'],active
,Next Step Stabilization,2026-01-22T02:16:03.972145+00:00,,1769048163.972145,,['tab'],active
,Next Step Stabilization,2026-01-22T02:16:08.416025+00:00,,1769048168.416025,,['tab'],active
,Next Step Stabilization,2026-01-22T02:16:12.823755+00:00,,1769048172.823755,,['tab'],active
,Next Step Stabilization,2026-01-22T02:16:18.110899+00:00,,1769048178.110899,,['tab'],active
,Next Step Stabilization,2026-01-22T02:16:24.424596+00:00,,1769048184.424596,,['tab'],active
,Next Step Stabilization,2026-01-22T02:16:32.915333+00:00,,1769048192.915333,,['tab'],active
,Next Step Stabilization,2026-01-22T02:16:37.194152+00:00,,1769048197.194152,,['tab'],active
,Next Step Stabilization,2026-01-22T02:16:43.078377+00:00,,1769048203.078377,,['tab'],active
,Next Step Stabilization,2026-01-22T02:16:51.795120+00:00,,1769048211.79512,,['tab'],active
,Next Step Stabilization,2026-01-22T02:16:59.393482+00:00,,1769048219.393482,,['tab'],active
,Next Step Stabilization,2026-01-22T02:17:11.161437+00:00,,1769048231.161437,,['tab'],active
,Next Step Stabilization,2026-01-22T02:17:20.830183+00:00,,1769048240.830183,,['tab'],active
,Next Step Stabilization,2026-01-22T02:17:40.968193+00:00,,1769048260.968193,,['tab'],active
,Next Step Stabilization,2026-01-22T02:17:48.125501+00:00,,1769048268.125501,,['tab'],active
,Next Step Stabilization,2026-01-22T02:17:51.402741+00:00,,1769048271.402741,,['tab'],active
,Next Step Stabilization,2026-01-22T02:17:56.787809+00:00,,1769048276.787809,,['tab'],active
,Next Step Stabilization,2026-01-22T02:18:00.967808+00:00,,1769048280.967808,,['tab'],active
,Next Step Stabilization,2026-01-22T02:18:12.757697+00:00,,1769048292.757697,,['tab'],active
,Next Step Stabilization,2026-01-22T02:18:19.275154+00:00,,1769048299.275154,,['tab'],active
,Next Step Stabilization,2026-01-22T02:18:23.721477+00:00,,1769048303.721477,,['tab'],active
,Next Step Stabilization,2026-01-22T02:18:44.820478+00:00,,1769048324.820478,,['tab'],active
,Next Step Stabilization,2026-01-22T02:18:49.631885+00:00,,1769048329.631885,,['tab'],active
,Next Step Stabilization,2026-01-22T02:18:59.398358+00:00,,1769048339.398358,,['tab'],active
,Next Step Stabilization,2026-01-22T02:19:04.862387+00:00,,1769048344.862387,,['tab'],active
,Next Step Stabilization,2026-01-22T02:19:10.169355+00:00,,1769048350.169355,,['tab'],active
,Next Step Stabilization,2026-01-22T02:19:22.143407+00:00,,1769048362.143407,,['tab'],active
,Next Step Stabilization,2026-01-22T02:19:32.030748+00:00,,1769048372.030748,,['tab'],active
,Next Step Stabilization,2026-01-22T02:19:36.431483+00:00,,1769048376.431483,,['tab'],active
,Next Step Stabilization,2026-01-22T02:19:40.699019+00:00,,1769048380.699019,,['tab'],active
,Next Step Stabilization,2026-01-22T02:20:00.084028+00:00,,1769048400.084028,,['tab'],active
,Next Step Stabilization,2026-01-22T02:20:16.820148+00:00,,1769048416.820148,,['tab'],active
,Next Step Stabilization,2026-01-22T02:20:22.123873+00:00,,1769048422.123873,,['tab'],active
,Next Step Stabilization,2026-01-22T02:20:26.349769+00:00,,1769048426.349769,,['tab'],active
,Next Step Stabilization,2026-01-22T02:20:33.254611+00:00,,1769048433.254611,,['tab'],active
,Next Step Stabilization,2026-01-22T02:20:37.264248+00:00,,1769048437.264248,,['tab'],active
,Next Step Stabilization,2026-01-22T02:20:46.860151+00:00,,1769048446.860151,,['tab'],active
,Next Step Stabilization,2026-01-22T02:20:53.485944+00:00,,1769048453.485944,,['tab'],active
,Next Step Stabilization,2026-01-22T02:21:01.799271+00:00,2026-01-22T02:21:35.087891+00:00,1769048461.799271,1769048495.0878913,['tab'],active
,Next Step Stabilization,2026-01-22T02:21:50.703328+00:00,,1769048510.703328,,['tab'],active
,Next Step Stabilization,2026-01-22T02:22:00.798556+00:00,,1769048520.798556,,['tab'],active
,Next Step Stabilization,2026-01-22T02:22:17.308716+00:00,,1769048537.308716,,['tab'],active
,Next Step Stabilization,2026-01-22T02:22:28.507153+00:00,,1769048548.507153,,['tab'],active
,Next Step Stabilization,2026-01-22T02:22:38.644339+00:00,,1769048558.644339,,['tab'],active
,Next Step Stabilization,2026-01-22T02:23:15.176853+00:00,,1769048595.176853,,['tab'],active
,Next Step Stabilization,2026-01-22T02:23:36.526536+00:00,,1769048616.526536,,['tab'],active
,Next Step Stabilization,2026-01-22T02:23:48.508496+00:00,,1769048628.508496,,['tab'],active
,Next Step Stabilization,2026-01-22T02:24:35.293916+00:00,,1769048675.293916,,['tab'],active
,Next Step Stabilization,2026-01-22T02:24:40.695963+00:00,,1769048680.695963,,['tab'],active
,Next Step Stabilization,2026-01-22T02:26:06.253993+00:00,,1769048766.253993,,['tab'],active
,Next Step Stabilization,2026-01-22T02:26:26.678165+00:00,,1769048786.678165,,['tab'],active
,Next Step Stabilization,2026-01-22T02:26:38.564499+00:00,,1769048798.564499,,['tab'],active
,Next Step Stabilization,2026-01-22T02:26:49.481416+00:00,,1769048809.481416,,['tab'],active
,Next Step Stabilization,2026-01-22T02:27:32.308741+00:00,,1769048852.308741,,['tab'],active
,Next Step Stabilization,2026-01-22T02:27:37.630497+00:00,,1769048857.630497,,['tab'],active
,Next Step Stabilization,2026-01-22T02:27:45.071657+00:00,,1769048865.071657,,['tab'],active
,Next Step Stabilization,2026-01-22T02:28:13.822684+00:00,,1769048893.822684,,['tab'],active
,Next Step Stabilization,2026-01-22T02:28:19.172564+00:00,,1769048899.172564,,['tab'],active
,Next Step Stabilization,2026-01-22T02:28:28.609907+00:00,,1769048908.609907,,['tab'],active
,Next Step Stabilization,2026-01-22T02:28:42.908417+00:00,,1769048922.908417,,['tab'],active
,Next Step Stabilization,2026-01-22T02:28:46.087927+00:00,,1769048926.087927,,['tab'],active
,Next Step Stabilization,2026-01-22T02:28:50.384934+00:00,,1769048930.384934,,['tab'],active
,Next Step Stabilization,2026-01-22T02:29:04.382412+00:00,,1769048944.382412,,['tab'],active
,Next Step Stabilization,2026-01-22T02:29:11.798206+00:00,,1769048951.798206,,['tab'],active
,Next Step Stabilization,2026-01-22T02:29:17.029965+00:00,,1769048957.029965,,['tab'],active
,Next Step Stabilization,2026-01-22T02:29:37.999220+00:00,,1769048977.99922,,['tab'],active
,Next Step Stabilization,2026-01-22T02:29:57.093772+00:00,,1769048997.093772,,['tab'],active
,Next Step Stabilization,2026-01-22T02:30:14.350511+00:00,,1769049014.350511,,['tab'],active
,Next Step Stabilization,2026-01-22T02:30:46.089429+00:00,,1769049046.089429,,['tab'],active
,Next Step Stabilization,2026-01-22T02:30:56.680498+00:00,,1769049056.680498,,['tab'],active
,Next Step Stabilization,2026-01-22T02:31:05.295644+00:00,,1769049065.295644,,['tab'],active
,Next Step Stabilization,2026-01-22T02:31:43.082233+00:00,,1769049103.082233,,['tab'],active
,Next Step Stabilization,2026-01-22T02:31:49.814104+00:00,,1769049109.814104,,['tab'],active
,Next Step Stabilization,2026-01-22T02:31:55.072501+00:00,,1769049115.072501,,['tab'],active
,Next Step Stabilization,2026-01-22T02:32:05.989950+00:00,,1769049125.98995,,['tab'],active
,Next Step Stabilization,2026-01-22T02:32:12.672790+00:00,,1769049132.67279,,['tab'],active
,Next Step Stabilization,2026-01-22T02:32:17.928240+00:00,,1769049137.92824,,['tab'],active
,Next Step Stabilization,2026-01-22T02:32:49.699948+00:00,,1769049169.699948,,['tab'],active
,Next Step Stabilization,2026-01-22T02:33:25.161238+00:00,,1769049205.161238,,['tab'],active
,Next Step Stabilization,2026-01-22T02:33:34.751621+00:00,,1769049214.751621,,['tab'],active
,Next Step Stabilization,2026-01-22T02:33:59.268489+00:00,,1769049239.268489,,['tab'],active
,Next Step Stabilization,2026-01-22T02:34:22.632970+00:00,,1769049262.63297,,['tab'],active
,Next Step Stabilization,2026-01-22T02:34:45.879305+00:00,,1769049285.879305,,['tab'],active
,Next Step Stabilization,2026-01-22T02:34:51.336163+00:00,,1769049291.336163,,['tab'],active
,Next Step Stabilization,2026-01-22T02:35:15.895838+00:00,,1769049315.895838,,['tab'],active
,Next Step Stabilization,2026-01-22T02:35:21.624697+00:00,,1769049321.624697,,['tab'],active
,Next Step Stabilization,2026-01-22T02:35:28.794416+00:00,,1769049328.794416,,['tab'],active
,Next Step Stabilization,2026-01-22T02:35:33.680539+00:00,,1769049333.680539,,['tab'],active
,Next Step Stabilization,2026-01-22T02:36:03.395924+00:00,,1769049363.395924,,['tab'],active
,Next Step Stabilization,2026-01-22T02:36:09.696042+00:00,,1769049369.696042,,['tab'],active
,Next Step Stabilization,2026-01-22T02:36:23.866470+00:00,,1769049383.86647,,['tab'],active
,Next Step Stabilization,2026-01-22T02:36:46.356541+00:00,,1769049406.356541,,['tab'],active
,Next Step Stabilization,2026-01-22T02:36:52.825780+00:00,,1769049412.82578,,['tab'],active
,Next Step Stabilization,2026-01-22T02:37:04.072282+00:00,,1769049424.072282,,['tab'],active
,Next Step Stabilization,2026-01-22T02:37:44.102157+00:00,,1769049464.102157,,['tab'],active
,Next Step Stabilization,2026-01-22T02:37:49.458405+00:00,,1769049469.458405,,['tab'],active
,Next Step Stabilization,2026-01-22T02:37:53.838582+00:00,,1769049473.838582,,['tab'],active
,Next Step Stabilization,2026-01-22T02:37:57.442114+00:00,,1769049477.442114,,['tab'],active
,Next Step Stabilization,2026-01-22T02:38:06.124274+00:00,,1769049486.124274,,['tab'],active
,Next Step Stabilization,2026-01-22T02:38:16.097782+00:00,,1769049496.097782,,['tab'],active
,Next Step Stabilization,2026-01-22T02:38:43.161403+00:00,,1769049523.161403,,['tab'],active
,Next Step Stabilization,2026-01-22T02:38:48.471549+00:00,,1769049528.471549,,['tab'],active
,Next Step Stabilization,2026-01-22T02:38:54.939994+00:00,,1769049534.939994,,['tab'],active
,Next Step Stabilization,2026-01-22T02:39:07.685055+00:00,,1769049547.685055,,['tab'],active
,Next Step Stabilization,2026-01-22T02:39:33.042799+00:00,,1769049573.042799,,['tab'],active
,Next Step Stabilization,2026-01-22T02:39:57.892290+00:00,,1769049597.89229,,['tab'],active
,Next Step Stabilization,2026-01-22T02:40:03.484530+00:00,,1769049603.48453,,['tab'],active
,Next Step Stabilization,2026-01-22T02:40:11.208046+00:00,,1769049611.208046,,['tab'],active
,Next Step Stabilization,2026-01-22T02:40:15.468918+00:00,,1769049615.468918,,['tab'],active
,Next Step Stabilization,2026-01-22T02:40:25.844513+00:00,,1769049625.844513,,['tab'],active
,Next Step Stabilization,2026-01-22T02:40:32.235348+00:00,,1769049632.235348,,['tab'],active
,Next Step Stabilization,2026-01-22T02:40:38.514736+00:00,,1769049638.514736,,['tab'],active
,Next Step Stabilization,2026-01-22T02:40:46.287698+00:00,,1769049646.287698,,['tab'],active
,Next Step Stabilization,2026-01-22T02:40:51.612964+00:00,,1769049651.612964,,['tab'],active
,Next Step Stabilization,2026-01-22T02:45:47.521331+00:00,,1769049947.5213306,,['tab'],active
